adminID;DB_operator_code;DB_operator_name;DB_subnet_name;custom_short_name;custom_long_name;comment
8;S;S-Bahn Berlin;;;;
19;EST;EUROSTAR;;;;
51;PKP;PKP Intercity;;;;
53;DPN;Nahreisezug;;;;
54;CD;Ceske Drahy;;;;
55;MAV;MAV;Ungarische Staatseisenbahnen;;;
56;ZSS;ZSSK;;;;
71;REN;RENFE;;;;
74;SJ;SJ;;;;
78;HZ;HZPP;;;;
79;SZ;Slovenske zeleznice;;;;
80;DB;DB Fernverkehr AG;;;;
81;ÖBB;Österreichische Bundesbahnen;Oesterreichische Bundesbahnen;;;
82;CFL;CFL;;;;
83;TI;Trenitalia;;;;
84;NS;Nederlandse Spoorwegen;;;;
85;SBB;SBB;Schweizerische Bundesbahnen;;;
86;DSB;Dänische Staatsbahnen;;;;
87;SCF;SNCF;Französische Eisenbahn;;;
88;SCB;SNCB;Belgische Eisenbahnen;;;
3018;THA;THALYS;Eurostar (ex. Thalys);;;
3189;ARV;ARRIVA vlaky;;;;
3230;VBG;vogtlandbahn - Die Länderbahn GmbH DLB;;;;
3236;WB;WESTbahn;WESTbahn;;;
3246;IC;RegioJet;;;;
3270;TN;TRENORD;;;;
3288;GW;GW Train Regio;;;;
3332;KZC;KZC Doprava s.r.o.;;;;
3393;TGV;SNCF Voyages Deutschland;;;;
3613;StB;Steiermarkbahn und Bus GmbH;;;;
80001;S;S-Bahn Berlin;;;;
550043;GyS;GySEV;;;;
743051;ST;Snälltåget;;;;
800151;DB;DB Regio AG Nordost;;;;
800153;DB;DB Regio AG Nordost;;;;
800154;DB;DB Regio AG Nordost;;;;
800155;DB;DB Regio AG Nordost;;;;
800156;DB;DB Regio AG Nordost;;;;
800157;DB;DB Regio AG Nordost;;;;
800158;DB;DB Regio AG Nordost;;;;
800159;DB;DB Regio AG Nordost;;;;
800160;DB;DB Regio AG Nordost;;;;
800161;DB;DB Regio AG Nordost;;;;
800163;DB;DB Regio AG Nordost;;;;
800165;DB;DB Regio AG Nordost;;;;
800166;DB;DB Regio AG Nordost;;;;
800201;DB;DB Regio AG Nord;;;;
800271;DB;DB Regio AG Nord;;;;
800279;DB;DB Regio AG Nord;;;;
800292;DB;DB Regio AG Nord;;;;
800293;DB;DB Regio AG Nord;;;;
800295;DB;DB Regio AG Nord;;;;
800310;DB;DB Regio AG NRW;;;;
800318;DB;DB Arriva;DB Arriva;;;
800333;DB;DB Regio AG NRW;DB Regio NW, RB 33;;;
800337;DB;DB Regio AG NRW;DB Regio NW, S-Bahn Rhein-Ruhr;;;S1,
800338;DB;DB Regio AG NRW;DB Regio NW, KR Rhein-Sieg-Express;;;
800348;DB;DB Regio AG NRW;DB Regio NW, WF Sauerlandnetz (Los 2);;;RB53,RB43,RB52,RE57
800349;DB;DB Regio AG NRW;DB Regio NW, EN Haardachse;;;RE2,
800351;DB;DB Regio AG NRW;DB Regio NW, WR Westl. Münsterland (RB51);;;
800352;DB;DB Regio AG NRW;DB Regio NW, KR Köln (Dieselnetz);;;vareo-Dieselnetz
800354;DB;DB Regio AG NRW;DB Regio NW, RR (S5/S8);;;
800363;DB;DB Regio AG NRW;DB Regio NW, WR Westl. Münsterland (RB63/RB64);;;
800413;DB;DB Regio AG Südost;;;;
800417;DB;DB Regio AG Südost;;;;
800430;EGB;DB RegioNetz Verkehrs GmbH Erzgebirgsbahn;;;;
800445;DB;DB Regio AG Südost;;;;
800456;DB;DB Regio AG Südost;;;;
800469;DB;DB Regio AG Südost;;;;
800478;DB;DB Regio AG Südost;;;;
800486;DB;DB Regio AG Südost;;;;
800487;DB;DB Regio AG Südost;;;;
800489;DB;DB Regio AG Südost;;;;
800520;DB;DB Regio AG Mitte;DB Regio MI, Übergangsvertrag Pfalz;;;
800523;KHB;DB RegioNetz Verkehrs GmbH Kurhessenbahn;;;;
800528;S;DB Regio AG S-Bahn Rhein-Main;DB Regio, S-Bahn Rhein-Main;;;
800535;DB;DB Regio AG Mitte;;;;
800553;DB;DB Regio AG Mitte;DB Regio MI, Taunusstrecke;;;
800571;DB;DB Regio AG Mitte;DB Regio MI, Karlsruher Netz 7b Los 1;;;
800572;DB;DB Regio AG Mitte;DB Regio MI, Karlsruher Netz 7b Los 2;;;
800574;DB;DB Regio AG Mitte;DB Regio MI, Main-Neckar/Ried;;;
800603;WFB;DB RegioNetz Verkehrs GmbH Westfrankenbahn;DB Regio RNV, WFB (Netz 11);;;
800622;DB;DB Regio AG Baden-Württemberg;DB Regio BW, Ulm, Netz16a (Aulendorfer Kreuz);;;
800631;DB;DB Regio AG Baden-Württemberg;DB Regio BW, Freiburg, Netz 16c (Hochrhein);;;
800632;DB;DB Regio AG Baden-Württemberg;;;;
800640;SWX;DB Regio AG Mitte SÜWEX;DB Regio MI, SÜWEX;;;auch IC 5107
800643;S;DB Regio AG S-Bahn Stuttgart;DB Regio, S-Bahn Stuttgart;;;
800647;DB;DB Regio AG Baden-Württemberg;DB Regio BW, Freiburg, Netz 13 (Schwarzwaldbahn);;;
800654;DB;DB Regio AG Baden-Württemberg;DB Regio BW, Netz 54 (Regionalbahn Bodensee-Oberschwaben);;;
800659;DB;DB Regio AG Baden-Württemberg;DB Regio BW, Ulm, Netz 59 (Wendlingen-Ulm);;;
800693;DB;DB Regio AG Baden-Württemberg;DB Regio BW, Ulm, Netz 5 (Donau-Ostalb);;;
800694;DB;DB Regio AG Baden-Württemberg;DB Regio BW, Ulm, Netz 2 (Südbahn);;;
800714;DB;DB Regio AG Bayern;DB Regio BY, Würzburg (E-Netz);;;
800720;DB;DB Regio AG Bayern;DB Regio BY, Nürnberg (D-Netz);;;
800721;DB;DB Regio AG Bayern;DB Regio BY, S-Bahn Nürnberg;;;
800725;S;DB Regio AG S-Bahn München;DB Regio, S-Bahn München (M7401);;;S1, S2, S3, S4, S5, S6, S7, S8, S20
800734;DB;DB Regio AG Bayern;;;;
800742;DB;DB Regio AG Bayern;;;;
800746;DB;DB Regio AG Bayern;;;;
800755;DB;DB Regio AG Bayern;DB Regio BY, Franken (E-Netz);;;
800759;DB;DB Regio AG Bayern;DB Regio BY, Nordbayern (NeiTech);;;
800765;DB;DB Regio AG Bayern;DB Regio BY, München-Nürnberg (ABS/NBS);;;RE1, RB16, RE16
800767;DB;DB Regio AG Bayern;DB Regio BY, München-Passau;;;RE3, RE22, RB33
800772;DB;DB Regio AG Bayern;DB Regio BY, Main-Spessart-Express;;;
800785;DB;DB Regio AG Bayern;;;;
800790;DB;DB Regio AG Bayern;DB Regio BY, Werdenfels;;;RB6, RB60, RB65, RB66,
801512;DB;DB Regio AG Mitte;DB Regio MI, MoselLux;;;RB81,
801513;DB;DB Regio AG Mitte;;;;
801518;DB;DB Regio AG Mitte;DB Regio MI, S-Bahn RheinNeckar Los 2;;;
801526;DB;DB Regio AG Mitte;DB Regio MI, Lahn-Eifel-Bahn;;;RE25,RB23,RB38
801539;DB;DB Regio AG Mitte;DB Regio MI, S-Bahn RheinNeckar Los 1;;;
801566;DB;DB Regio AG Mitte;;;;
801591;DB;DB Regio AG Mitte;;;;
801599;DB;DB Regio AG Mitte;;;;
810003;mbs;Montafoner Bahn;;;;
810005;ZB;Zillertalbahn;;;;
810007;SLB;Salzburger Lokalbahnen;;;;
810008;STH;Stern & Hafferl Verkehrs-GmbH;;;;
810009;WiL;Wiener Linien;;;;
810011;R;Schneebergbahn;;;;
810017;NÖV;NÖ Verkehrsorganisations-ges.m.b.H.;;;;
810021;NÖV;NÖ Verkehrsorganisations-ges.m.b.H.;;;;
810023;NÖV;NÖ Verkehrsorganisations-ges.m.b.H.;;;;
810024;P;Waldviertler Schmalspurbahn;;;;
810025;SLB;Salzburger Lokalbahnen;;;;
810028;GyS;GySEV;;;;
810031;STR;Linz Linien AG (Straßenbahn Stadt Linz);;;;
810043;ÖPO;ÖBB-Postbus;;;;
840037;Rnt;R-net;;;;
840052;Brg;Breng;;;;
840054;Vll;Valleilijn;;;;
840055;BN;Blauwnet;;;;
840100;NS;Nederlandse Spoorwegen;;;;
840500;ARR;Arriva Nederland;;;;
850022;AB;Appenzeller Bahnen;;;;
850023;TPC;Transports Publics du Chablais;;;;
850029;MBC;Transports de la région Morges-Bière-Cossonay;;;;
850031;BDW;BDWM Transport;;;;
850032;BLM;Lauterbrunnen-Mürren;;;;
850033;BLS;BLS AG;;;;
850035;BOB;Berner Oberland-Bahnen;;;;
850038;ASM;Aare Seeland mobil;;;;
850042;MVR;Montreux-Vevey-Riviera;;;;
850043;CJ;Chemins de fer du Jura;;;;
850044;TRN;Transports Publics Neuchâtelois SA;;;;
850046;FB;Forchbahn;;;;
850047;FLP;Lugano-Ponte Tresa;;;;
850048;MGB;Matterhorn Gotthard Bahn (fo);;;;
850049;FAR;Ferrovie Autolinee Regionali Ticinesi;;;;
850051;FW;Frauenfeld-Wil;;;;
850053;TPF;Transports publics fribourgeois;;;;
850055;LEB;Lausanne-Echallens-Bercher;;;;
850056;ASM;Aare Seeland mobil;;;;
850061;TMR;Transports de Martigny et Régions (mc);;;;
850064;MOB;Montreux-Oberland Bernois;;;;
850065;THU;THURBO;;;;
850066;NSt;Nyon-St-Cergue-Morez;;;;
850072;RhB;Rhätische Bahn;;;;
850073;TRN;Transports Publics Neuchâtelois SA;;;;
850074;RA;Regionalps;;;;
850078;SZU;Sihltal-Zürich-Uetliberg-Bahn;;;;
850081;ASM;Aare Seeland mobil;;;;
850082;SOB;Schweizerische Südostbahn (sob);;;;
850086;ZB;Zentralbahn;;;;
850088;RBS;Regionalverkehr Bern-Solothurn;;;;
850093;MGB;Matterhorn Gotthard Bahn (bvz);;;;
850096;WSB;Wynental-und Suhrental-Bahn;;;;
850097;TRA;Transports Vallée de Joux-Yverdon-Ste-Croix;;;;
850193;URh;Untersee und Rhein;;;;
850195;SBS;Schweizerische Bodensee-Schiffahrtsgesellschaft;;;;
850360;BSB;Bodensee-Schiffsbetriebe;;;;
850371;BC;Société coopérative du Chemin de fer - Musée Blonay-Chamby;;;;
850801;PAG;PostAuto Schweiz;;;;
850846;RVS;Regionale Verkehrsbetriebe Schaffhausen;;;;
853186;SZR;Schiff Eglisau-Tössegg;;;;
853271;ANA;Association neuchâteloise des Amis du Tramway ANAT;;;;
857200;SBB;SBB;;;;
857206;SBB;SBB;;;;
857210;SBB;SBB;;;;
857221;THU;THURBO;;;;
857231;SBB;SBB;;;;
859014;VDB;Verein Dampfbahn Bern;;;;
859999;SBB;SBB;;;;
860087;ARR;Arriva Danmark;;;;
861002;DSB;Dänische Staatsbahnen;;;;
8006000;DB;DB Regio AG Baden-Württemberg;;;;
0S;S;S-Bahn Hamburg;;;;
51KD;KD;Koleje Dolnoslaskie;;;;
51PR;PR;Polregio;;;;
51PR-Q;PR;Polregio;;;;
51PR-R;PR;Polregio;;;;
51PR-S;PR;Polregio;;;;
54A8N;CD;Tschechische Bahnen;Tschechische Bahnen;;;RE25,
8002A3;DB;DB Regio AG Nord;;;;
8002B5;DB;DB Regio AG Nord;;;;
8003A5;DB;DB Regio AG NRW;DB Regio NW, EN euregiobahn;;;
8003B2;DB;DB Regio AG NRW;Busse/SEV Region NRW;;;SEV RB27 Koblenz - Neuwied,
8003G1;DB;DB Regio AG NRW;DB Regio NW, Erftbahn (RB 38Süd);;;
8003G2;DB;DB Regio AG NRW;DB Regio NW, TN RE 8;;;
8003H5;DB;DB Regio AG NRW;DB Regio NW, TN Interim RB27;;;
8003L1;DB;DB Regio AG NRW;DB Regio NW, Teilnetz S-Bahn Rhein-Ruhr;;;S2,S9,RB32,RE49,
8003L2;DB;DB Regio AG NRW;DB Regio NW, Teilnetz Ruhr-Sieg-Netz;;;RE34,
8003RA;DB;;Rhein-Mosel-Bus Ahrweiler (SEV);;;
8003RL;DB;DB Regio AG NRW;;;;
8003S;DB;DB Regio AG NRW;DB Regio NW, KR (Altvertrag S-Bahn);;;
8004A9;DB;DB Regio AG Südost;;;;
8004L1;DB;DB Regio AG Südost;;;;
8004NT;DB;DB Regio AG Südost;DB Regio SO, Thüringen (Neitech-Netz);;;
8004OB;OBS;DB RegioNetz Verkehrs GmbH Oberweißbacher Berg+Schwarzatalbahn;;;;
8005A4;DB;DB Regio AG Mitte;;;;
8005KG;DB;DB Regio AG Mitte;;;;
8005L1;DB;DB Regio AG Mitte;DB Regio MI, Pfalznetz Los 1;;;
8005L2;DB;DB Regio AG Mitte;DB Regio MI, Pfalznetz Los 2;;;
8005MW;DB;DB Regio AG Mitte;;;;
8005ND;DB;DB Regio AG Mitte;;;;
8005SV;DB;Rhein-Mosel-Bus Ahrweiler;DB Regio MI, SEV;;;Bus RB23,
8006A7;WFB;DB RegioNetz Verkehrs GmbH Westfrankenbahn;DB Regio RNV, WFB (Kahlgrundbahn);;;
8006C4;DB;DB Regio AG Baden-Württemberg;DB Regio BW, Freiburg, Netz 4 Los 2 ( Rheintal);;;
8006C5;DB;DB Regio AG Baden-Württemberg;DB Regio BW, Freiburg, Netz 4 Los 1 (Rheintal);;;
8006C6;DB;DB Regio AG Baden-Württemberg;DB Regio BW, Freiburg, Netz 9a (Breisgau-S-Bahn);;;
8006D1;DB;DB Regio AG Baden-Württemberg;;;;
8006D2;DB;DB Regio AG Baden-Württemberg;;;;
8006D6;DB;DB Regio AG Baden-Württemberg;DB Regio BW, Freiburg, Netz 3b (Gäu- Murrbahn);;;
8006D8;DB;DB Regio AG Baden-Württemberg;;;;
8006E3;DB;DB Regio AG Baden-Württemberg;DB Regio BW, Ulm, Netz 16b (Bodenseegürtelbahn);;;
8006SH;DB;DB Regio AG Baden-Württemberg;;;;
8007D4;DB;DB Regio AG Bayern;DB Regio BY, Allgäu (D-Netz 1);;;RB73, RE75, RE79, RB94,
8007D5;DB;DB Regio AG Bayern;DB Regio BY, Allgäu (D-Netz 2);;;RE7, RE17, RE70, RE71, RE73, RE76,
8007DU;DB;DB Regio AG Bayern;DB Regio BY, Ulm (D-Netz 1);;;RB78, RS7,
8007H1;DB;DB Regio AG Bayern;;;;
8007H2;DB;DB Regio AG Bayern;DB Regio BY, V4 (München - Buchloe);;;RB74
8007H3;DB;DB Regio AG Bayern;DB Regio BY, TN Expressverkehr Ostbayern;;;RE2
8013D;SOB;DB RegioNetz Verkehrs GmbH Südostbayernbahn;DB Regio RNV, Südostbayernbahn (D-Traktion);;;RB40, ..., auch Bus RB46
8013E;SOB;DB RegioNetz Verkehrs GmbH Südostbayernbahn;;;;
8015A1;DB;DB Regio AG Mitte;DB Regio MI, E-Netz Saar;;;
8015A6;DB;DB Regio AG Mitte;DB Regio MI, Dieselnetz Südwest;;;
8015FR;DB;DB Regio AG Mitte;;;;
8015H9;DB;DB Regio AG Mitte;;;;
80SEV;DB;DB Fernverkehr AG;;;;
80SSP;D;Sylt Shuttle Plus;;;;
80TRI;EC;DB/SBB/TI;;;;
81GE43;DPN;Nahreisezug;;;;
857LEX;LEX;LEX;;;;
85DBSH;SBB;SBB;;;;
A0;AKN;AKN Eisenbahn GmbH;;;;
A5;VEN;Rhenus Veniro;Transdev;;;RB37, RB85,
A6;AVG;Albtal-Verkehrs-Gesellschaft mbH;;;;
A6FEX;DPN;Nahreisezug;;;;
A6S1;AVG;Albtal-Verkehrs-Gesellschaft mbH;;;;
A6S11;AVG;Albtal-Verkehrs-Gesellschaft mbH;;;;
A6S12;AVG;Albtal-Verkehrs-Gesellschaft mbH;;;;
A6S31;AVG;Albtal-Verkehrs-Gesellschaft mbH;Albtal-Verkehrs-Gesellschaft mbH S31;;;
A6S32;AVG;Albtal-Verkehrs-Gesellschaft mbH;Albtal-Verkehrs-Gesellschaft mbH S32;;;
A6S34;AVG;Albtal-Verkehrs-Gesellschaft mbH;;;;
A6S4;AVG;Albtal-Verkehrs-Gesellschaft mbH;;;;
A6S41;AVG;Albtal-Verkehrs-Gesellschaft mbH;;;;
A6S42;AVG;Albtal-Verkehrs-Gesellschaft mbH;;;;
A6S5;AVG;Albtal-Verkehrs-Gesellschaft mbH;Albtal-Verkehrs-Gesellschaft mbH S5;;;
A6S51;AVG;Albtal-Verkehrs-Gesellschaft mbH;;;;
A6S52;AVG;Albtal-Verkehrs-Gesellschaft mbH;Albtal-Verkehrs-Gesellschaft mbH S52;;;
A6S6;AVG;Albtal-Verkehrs-Gesellschaft mbH;;;;
A6S7;AVG;Albtal-Verkehrs-Gesellschaft mbH;;;;
A6S71;AVG;Albtal-Verkehrs-Gesellschaft mbH;Albtal-Verkehrs-Gesellschaft mbH S71;;;
A6S8;AVG;Albtal-Verkehrs-Gesellschaft mbH;;;;
A6S81;AVG;Albtal-Verkehrs-Gesellschaft mbH;Albtal-Verkehrs-Gesellschaft mbH S81;;;
A8N;ALX;alex - Die Länderbahn GmbH DLB;alex - Die Länderbahn GmbH DLB (Nord);;;RE23,RE25
A9;ag;agilis;agilis (RB);;;RB97,RB98,RB99, ...
aav006;DPN;Nahreisezug;;;;
aavARN;DPN;Nahreisezug;;;;
aavARR;DPN;Nahreisezug;;;Arriva Nederland;Bus 350 Maastricht - Aachen
aavASE;DPN;Nahreisezug;;ASEAG;Aachener Straßenbahn und Energieversorgungs-AG;
aavDKB;DPN;Nahreisezug;;Rurtalbus;Rurtalbus GmbH;
aavNET;DPN;Nahreisezug;;;;
aavTEC;DPN;Nahreisezug;;;;
AB;ABR;SWEG Bahn Stuttgart GmbH;;;;
ABIRE;IRE;SWEG Bahn Stuttgart GmbH;;;;
ABRB;RB;SWEG Bahn Stuttgart GmbH;;;;
ABRE;RE;SWEG Bahn Stuttgart GmbH;;;;
ak_AK;AK;Autokraft;;;;
ak_DRN;DIB;Dithmarschenbus (DB Regio Bus Nord GmbH);;;;
ak_SVG;SVG;Sylter Verkehrsgesellschaft;;;;
ak_SVL;DPN;Nahreisezug;;;;
ak_SWN;DPN;Nahreisezug;;;;
ak_VIN;DPN;Nahreisezug;;;;
ak_VKP;DPN;Nahreisezug;;;;
ak_VSF;DPN;Nahreisezug;;;;
akAK_A;DPN;Nahreisezug;;;;
akAKTI;DPN;Nahreisezug;;;;
akDRNA;DPN;Nahreisezug;;;;
akECKE;DPN;Nahreisezug;;;;
akKVGK;DPN;Nahreisezug;;;;
akROH;DPN;Nahreisezug;;;;
akSFKK;DPN;Nahreisezug;;;;
akTRAN;DPN;Nahreisezug;;;;
akVINA;DPN;Nahreisezug;;;;
akWDR;DPN;Nahreisezug;;;;
AL;DWE;Dessau-Wörlitzer Eisenbahn;;;;
ald012;DPN;Nahreisezug;;;;
ald020;DPN;Nahreisezug;;SVL;Süddeutsche Verkehrslinien GmbH & Co. KG;
ald021;DPN;Nahreisezug;;;;
ald022;DPN;Nahreisezug;;;;
ald023;DPN;Nahreisezug;;;;
ald024;DPN;Nahreisezug;;;;
ald025;DPN;Nahreisezug;;;;
ald030;DPN;Nahreisezug;;;;
ald044;DPN;Nahreisezug;;;;
ald046;DPN;Nahreisezug;;;;
ald065;DPN;Nahreisezug;;;;
ald067;DPN;Nahreisezug;;;;
ald069;DPN;Nahreisezug;;;;
ald072;DPN;Nahreisezug;;bayer;Robert Bayer GmbH;
ald073;DPN;Nahreisezug;;;;
ald075;DPN;Nahreisezug;;;;
ald077;DPN;Nahreisezug;;;;
ald083;DPN;Nahreisezug;;;;
ald084;DPN;Nahreisezug;;;;
ald087;DPN;Nahreisezug;;;;
ald091;DPN;Nahreisezug;;;;
ald093;DPN;Nahreisezug;;;;
ald094;DPN;Nahreisezug;;;;
ald095;DPN;Nahreisezug;;;;
ald096;DPN;Nahreisezug;;;;
ald099;DPN;Nahreisezug;;;;
AM;ABR;Abellio Rail Mitteldeutschland GmbH;;;;
AMHBX;HBX;Abellio Rail Mitteldeutschland GmbH;;;;
AMRB;RB;Abellio Rail Mitteldeutschland GmbH;;;;
AMRE;RE;Abellio Rail Mitteldeutschland GmbH;;;;
AMS;S;Abellio Rail Mitteldeutschland GmbH;;;;
aoeBus;DPN;Nahreisezug;;;;
apg__1;DPN;Nahreisezug;;;;
avv009;DPN;Nahreisezug;;;;
avvBus;DPN;Nahreisezug;;;;
B1;DB;DB Regio AG Nord;;;;
B1EDZ;DPN;Nahreisezug;;;;
B2;DB;DB Regio AG NRW;Busse/SEV Region NRW;;;
B3;P;Brohltalbahn;;;;
B4;S;DB Regio AG S-Bahn Rhein-Main;;;;
B5;DB;DB Regio AG Mitte;Busse/SEV Region Mitte;;;
B6;DB;DB Regio AG Baden-Württemberg;;;;
B7;DPN;Nahreisezug;Busse/SEV Region Bayern;;;Bus EV NMR - Cheb, Bus EV Nürnberg - Bayreuth, Bus SEV Mindelheim - Günzburg,
bacBus;DPN;Nahreisezug;;;Verkehrsbetriebe Bachstein GmbH;VGN 1545,1566,1573,1574 (eigentlich RBO?)
bambus;DPN;Nahreisezug;;;;
bayaut;DPN;Nahreisezug;;;;
BB;DB;DB Regio AG Nordost;;;;
bcl001;DPN;Nahreisezug;;;;
BD;SDG;SDG Sächsische Dampfeisenbahngesellschaft mbH;;;;
BE;BE;Bentheimer Eisenbahn;;;;
bod000;DPN;Nahreisezug;;;;
bod001;DPN;Nahreisezug;;;;
bod002;DPN;Nahreisezug;;;;
bod003;DPN;Nahreisezug;;;;
bod004;DPN;Nahreisezug;;;;
bod005;DPN;Nahreisezug;;;;
bod006;DPN;Nahreisezug;;;;
bod008;DPN;Nahreisezug;;;;
bod012;DPN;Nahreisezug;;;;
bod013;DPN;Nahreisezug;;;;
bod014;DPN;Nahreisezug;;;;
bod015;DPN;Nahreisezug;;;;
bod018;DPN;Nahreisezug;;;;
bod019;DPN;Nahreisezug;;;;
bod020;DPN;Nahreisezug;;;;
bod031;DPN;Nahreisezug;;;;
BurBus;DPN;Nahreisezug;;;;
BW;DB;DB Regio AG Nordost;;;;
byr001;DPN;Nahreisezug;;Stadtwerke Bayreuth;Stadtwerke Bayreuth Verkehr- und Bäder GmbH;
C6;KTB;Kandertalbahn;;;;
C8;LEO;Chiemgauer Lokalbahn;;;;
CD;CB;City-Bahn Chemnitz;;;;
cha016;DPN;Nahreisezug;;;Stadtwerke Cham GmbH;Durchgeführt von Omnibusunternehmen Johannes Baumgartner e.K. (Rufbusse Cham)
cobBus;DPN;Nahreisezug;;;;
css002;P;Chiemseebahn;;;;
csscss;DPN;Nahreisezug;;;;
cw001;DPN;Nahreisezug;;;;
cw010;DPN;Nahreisezug;;;;
CX;MRB;Mitteldeutsche Regiobahn;;;;
CXRB;RB;Mitteldeutsche Regiobahn;;;;
CXRE;RE;Mitteldeutsche Regiobahn;Transdev Mitteldeutschland GmbH (RE);;;RE3,
D3;RTB;Rurtalbahn;Rurtalbahn GmbH;;;
daf005;DPN;Nahreisezug;;;;
dgfBus;DPN;Nahreisezug;;;;
drbBUS;DPN;Nahreisezug;;;;
E0;EVB;EVB ELBE-WESER GmbH;;;;
E3;P;Kasbachtalbahn;;;;
EB;RB;Erfurter Bahn GmbH;Erfurter Bahn GmbH (RB);;;
ED;FEG;Freiberger Eisenbahngesellschaft;;;;
estbus;DPN;Nahreisezug;;;;
etgBus;DPN;Nahreisezug;;;;
EX;RE;Erfurter Bahn GmbH;;;;
F1;DPN;Nahreisezug;;;;
F7;RB;Bodensee-Oberschwaben-Bahn;Bodensee-Oberschwaben-Bahn;;;
fds002;DPN;Nahreisezug;;;;
fdsBus;DPN;Nahreisezug;;;;
FisBus;DPN;Nahreisezug;;;;
FLX10;FLX;FlixTrain;FlixTrain (FLX10);;;
FLX11;FLX;FlixTrain;FlixTrain (FLX11);;;
FLX15;FLX;FlixTrain;FlixTrain (FLX15);;;
FLX20;FLX;FlixTrain;FlixTrain (FLX20);;;
FLX30;FLX;FlixTrain;FlixTrain (FLX30);;;
FLX35;FLX;FlixTrain;FlixTrain (FLX35);;;
frg001;DPN;Nahreisezug;;;;Bus 100 Passau 'Pra' (Brunnhölzl GmbH, Verbundtarif Donau/Wald)
fuebus;DPN;Nahreisezug;;;;
fwzBus;DPN;Nahreisezug;;;;
GA;GA;Go-Ahead Baden-Württemberg GmbH;;;;
GAIRE;IRE;Go-Ahead Baden-Württemberg GmbH;;;;
GAMEX;MEX;Go-Ahead Baden-Württemberg GmbH;Arverio Baden-Württemberg  (MEX);;;
GARB;RB;Go-Ahead Baden-Württemberg GmbH;;;;
GARE;RE;Go-Ahead Baden-Württemberg GmbH;Arverio Baden-Württemberg (RE);;;
ge2GEV;DPN;Nahreisezug;;;;
ge3GEV;DPN;Nahreisezug;;;;
geiBus;DPN;Nahreisezug;;;;
gf2001;DPN;Nahreisezug;;;Stadtwerke Cham GmbH;Durchgeführt von Omnibusunternehmen Johannes Baumgartner e.K.
gfn011;DPN;Nahreisezug;;;;
gfn012;DPN;Nahreisezug;;RBO;Regionalbus Ostbayern GmbH;41 Regensburg - Schwandorf,
gfn015;DPN;Nahreisezug;;;;
gfn020;DPN;Nahreisezug;;;;
ghuBus;DPN;Nahreisezug;;;;
grhBus;DPN;Nahreisezug;;;;
GY;GA;Go-Ahead Bayern GmbH;;;;
GYRB;RB;Go-Ahead Bayern GmbH;Arverio Bayern (RB);;;
GYRE;RE;Go-Ahead Bayern GmbH;Arverio Bayern (RE);;;
H4;RT;RegioTram;;;;
H6;HzL;Hohenzollerische Landesbahn (SWEG);;;;
H7;HzL;Hohenzollerische Landesbahn (SWEG);;;;
hggBus;DPN;Nahreisezug;;;;
HL;HSB;Harzer Schmalspurbahn;;;;
hnv030;DPN;Nahreisezug;;;;
hnv031;DPN;Nahreisezug;;;;
hnv034;DPN;Nahreisezug;;;;
hnv050;DPN;Nahreisezug;;;;
hof004;DPN;Nahreisezug;;HofBus;HofBus GmbH;
hvv001;DPN;Nahreisezug;;;;
hvvDAH;DPN;Nahreisezug;;;;
hvvHAD;DPN;Nahreisezug;;;;
hvvHHA;DPN;Nahreisezug;;;;
hvvHOX;DPN;Nahreisezug;;;;
hvvKVI;DPN;Nahreisezug;;;;
hvvLIZ;DPN;Nahreisezug;;;;
hvvRAO;DPN;Nahreisezug;;;;
hvvRMV;DPN;Nahreisezug;;;;
hvvVHH;DPN;Nahreisezug;;;;
hvvVLP;DPN;Nahreisezug;;;;
invBus;DPN;Nahreisezug;;;;
K4;HLB;HLB Hessenbahn GmbH;;;;
K4RB;HLB;HLB Hessenbahn GmbH;Hessische Landesbahn (RB);;;
K4RE;HLB;HLB Hessenbahn GmbH;Hessische Landesbahn (RE);Hessische Landesbahn;Hessische Landesbahn GmbH;RE34,
K6;AVG;Albtal-Verkehrs-Gesellschaft mbH;;;;
KD;KD;Köln-Düsseldorfer Deutsche Rheinschifffahrt GmbH;;;;
kis001;DPN;Nahreisezug;;;;
kolbus;DPN;Nahreisezug;;;;
kraBus;DPN;Nahreisezug;;;;
krgBus;DPN;Nahreisezug;;;;
kulBus;DPN;Nahreisezug;;;;
kvg001;DPN;Nahreisezug;;;;
kvv002;DPN;Nahreisezug;;;;
kvv003;DPN;Nahreisezug;;;;
kvv004;DPN;Nahreisezug;;;;
kvv006;DPN;Nahreisezug;;;;
kvv010;DPN;Nahreisezug;;;;
kvv011;DPN;Nahreisezug;;;;
kvv012;DPN;Nahreisezug;;;;
kvv015;DPN;Nahreisezug;;;;
kvv017;DPN;Nahreisezug;;;;
kvv021;DPN;Nahreisezug;;;;
kvv023;DPN;Nahreisezug;;;;
kvv024;DPN;Nahreisezug;;;;
kvv025;DPN;Nahreisezug;;;;
kvv027;DPN;Nahreisezug;;;;
kvv028;DPN;Nahreisezug;;;;
kvv030;DPN;Nahreisezug;;;;
kvv041;DPN;Nahreisezug;;;;
kvv22E;DPN;Nahreisezug;;;;
kvvFEX;DPN;Nahreisezug;;;;
L7;SBB;SBB GmbH;;;;S62,
L701;SBB;SBB GmbH;;;;S6,
L721;SBB;SBB GmbH;;;;S6,
L8;BRB;Bayerische Regiobahn;;;;
lamBus;DPN;Nahreisezug;;;;
lanGEV;DPN;Nahreisezug;;;;
LD;TL;trilex ;;;;
LDTLX;TLX;trilex-express - Die Länderbahn GmbH DLB;;;;
lklGEV;DPN;Nahreisezug;;;;Landshut: 301, 318 (Weingartner Reisen e.K.), 307 (Omnibusse Richard Petz GmbH)
M1;P;Museumsbahn;;;;
M2;S;REGIOBAHN;REGIOBAHN;;;Bus RE47X,
M2RE;R;REGIOBAHN;;;;
M4;VSE;Verein Sächsischer Eisenbahnfreunde;;;;
M8;BRB;Bayerische Regiobahn;Bayerische Regiobahn;;;
M9;MSB;Mainschleifenbahn;;;;
marmar;DPN;Nahreisezug;;;;
marovf;DPN;Nahreisezug;;;;
marrbk;DPN;Nahreisezug;;;;
mvgb10;DPN;Nahreisezug;;;;
mvgb14;DPN;Nahreisezug;;;;
mvgb15;DPN;Nahreisezug;;;;
mvgb16;DPN;Nahreisezug;;;;
mvv099;DPN;Nahreisezug;;;;
mvvEBU;DPN;Nahreisezug;;;;Bus LH-Ex
mvvRBU;DPN;Nahreisezug;;;;259, 265, X731, 818,
mvvRFB;DPN;Nahreisezug;;;;
MW;MBB;Mecklenburgische Bäderbahn Molli;;;;
mzbBUS;DPN;Nahreisezug;;;;
N0;neg;Norddeutsche Eisenbahn Gesellschaft;;;;
N1;NWB;NordWestBahn;;;;
N2;NWB;NordWestBahn;;;;
N4;RB;cantus Verkehrsgesellschaft;;;;
N4RE;RE;cantus Verkehrsgesellschaft;;;;
N6;SWE;Südwestdeutsche Landesverkehrs-GmbH;;;;
N8;P;BayernBahn GmbH;;;;
nas001;DPN;Nahreisezug;;;;
nas003;DPN;Nahreisezug;;;;
nasBLK;DPN;Nahreisezug;;;;
nasBOE;DPN;Nahreisezug;;;;
nasDVG;DPN;Nahreisezug;;;;
nasFWL;DPN;Nahreisezug;;;;
nasHAB;DPN;Nahreisezug;;;;
nasHAT;DPN;Nahreisezug;;;;
nasHVB;DPN;Nahreisezug;;;;
nasHVG;DPN;Nahreisezug;;;;
nasKSB;DPN;Nahreisezug;;;;
nasLVB;DPN;Nahreisezug;;;;
nasLVT;DPN;Nahreisezug;;;;
nasMBB;DPN;Nahreisezug;;;;
nasMBT;DPN;Nahreisezug;;;;
nasMQ;DPN;Nahreisezug;;;;
nasNJL;DPN;Nahreisezug;;;;
nasNTB;DPN;Nahreisezug;;;;
nasOBS;DPN;Nahreisezug;;;;
nasOVH;DPN;Nahreisezug;;;;
nasRBM;DPN;Nahreisezug;;;;
nasRL;DPN;Nahreisezug;;;;
nasSAW;DPN;Nahreisezug;;;;
nasSDL;DPN;Nahreisezug;;;;
nasTHU;DPN;Nahreisezug;;;;
nasVET;DPN;Nahreisezug;;;;
nasVGS;DPN;Nahreisezug;;;;
nasZel;DPN;Nahreisezug;;;;
NB;RB;NEB Niederbarnimer Eisenbahn;;;;
NBRB12;RB;NEB Niederbarnimer Eisenbahn;;;;
NBRB25;RB;NEB Niederbarnimer Eisenbahn;;;;
NBRB26;RB;NEB Niederbarnimer Eisenbahn;;;;
NBRB27;RB;NEB Niederbarnimer Eisenbahn;;;;
NBRB35;RB;NEB Niederbarnimer Eisenbahn;;;;
NBRB36;RB;NEB Niederbarnimer Eisenbahn;;;;
NBRB54;RB;NEB Niederbarnimer Eisenbahn;;;;
NBRB60;RB;NEB Niederbarnimer Eisenbahn;;;;
NBRB61;RB;NEB Niederbarnimer Eisenbahn;;;;
NBRB62;RB;NEB Niederbarnimer Eisenbahn;;;;
NBRB63;RB;NEB Niederbarnimer Eisenbahn;;;;
nvpBUS;DPN;Nahreisezug;;;;
NWBus;NWB;NordWestBahn;;;;
NX;NX;National Express;NX Rail (National Express Rail);;;
NXRB;RB;National Express;NX Rail (RB)   (National Express Rail);;;RB48
NXRE;RE;National Express;NX Rail (RE)   (National Express Rail);;;RE1, RE4, RE5, RE7,
NY;MSM;MSM Partyzug;;;;
NYUEX;UEX;Urlaubs-Express;;;;
NZ;RE;DB Fernverkehr AG;;;;Nahverkehrsfreigaben von DB FV (z. B. IC Borkum, RE34,) + Ersatzzugnummern von DB FV
O0;NBE;Nordbahn Eisenbahngesellschaft;;;;
O7;ÖBA;Öchsle-Bahn-Betriebsgesellschaft mbH;;;;
O9;OPB;oberpfalzbahn - Die Länderbahn GmbH DLB;oberpfalzbahn - Die Länderbahn GmbH DLB;;;RB23,RB27,
O9X;OPX;oberpfalz-express - Die Länderbahn GmbH DLB;;;;
OD;SOE;Sächsisch-Oberlausitzer Eisenbahngesellschaft;;;;
omp001;DPN;Nahreisezug;;;;
omp003;DPN;Nahreisezug;;;;
omp007;DPN;Nahreisezug;;;;
omp014;DPN;Nahreisezug;;;;
omp022;DPN;Nahreisezug;;;;
omp024;DPN;Nahreisezug;;;;
omp033;DPN;Nahreisezug;;;;
omp035;DPN;Nahreisezug;;;;
omp043;DPN;Nahreisezug;;;;
omp047;DPN;Nahreisezug;;Osterrieder;Omnibusunternehmen C. Osterrieder;
omp048;DPN;Nahreisezug;;;;
omp050;DPN;Nahreisezug;;;;
omp051;DPN;Nahreisezug;;;;
omp052;DPN;Nahreisezug;;;;
omp053;DPN;Nahreisezug;;;;
omp054;DPN;Nahreisezug;;;;
omp055;DPN;Nahreisezug;;;;810, 810A,
omp056;DPN;Nahreisezug;;;;
omp057;DPN;Nahreisezug;;;;
omp058;DPN;Nahreisezug;;;;
omp059;DPN;Nahreisezug;;;;
omp062;DPN;Nahreisezug;;;Verkehrsgesellschaft Kirchweihtal GmbH;17,
omp063;DPN;Nahreisezug;;;Brandner Unterallgäu KG;964,
omp065;DPN;Nahreisezug;;;;
omp066;DPN;Nahreisezug;;;;
omp067;DPN;Nahreisezug;;;BBS Stadtbus KG;1, 2, 5,
omp069;DPN;Nahreisezug;;;;
omp070;DPN;Nahreisezug;;;;
omp071;DPN;Nahreisezug;;;;
omp072;DPN;Nahreisezug;;;;
omp073;DPN;Nahreisezug;;;Engeler Reisen e.K.;
omp074;DPN;Nahreisezug;;;;
omp075;DPN;Nahreisezug;;;;
omp077;DPN;Nahreisezug;;;;
omp079;DPN;Nahreisezug;;;;
omp085;DPN;Nahreisezug;;;;
omp086;DPN;Nahreisezug;;;;
omp088;DPN;Nahreisezug;;;;
omp092;DPN;Nahreisezug;;;;
omp093;DPN;Nahreisezug;;;;
omp094;DPN;Nahreisezug;;;;
omp095;DPN;Nahreisezug;;;;
omp096;DPN;Nahreisezug;;;;Bus 910, Flexibus KG c/o Verkehrsunternehmen RBA Regionalbus Augsburg GmbH
omp098;DPN;Nahreisezug;;;;
omp099;DPN;Nahreisezug;;;;
omsBus;DPN;Nahreisezug;;;;
ova002;DPN;Nahreisezug;;;;
ova035;DPN;Nahreisezug;;;;
ovaOVA;DPN;Nahreisezug;;;;
ovfBAY:DPN;Nahreisezug;;RBO;Regionalbus Ostbayern GmbH;Bus 6148 Passau (Verbundtarif Donau/Wald)
ovfOVF;DPN;Nahreisezug;;OVF;Omnibusverkehr Franken GmbH;VGN 369 (eigentlich Heserbus?),1338,RUF 1339,1367,
OWBus;OE;Ostdeutsche Eisenbahn GmbH;;;;
owl020;DPN;Nahreisezug;;;;
owl021;DPN;Nahreisezug;;;;
owl022;DPN;Nahreisezug;;;;
owl023;DPN;Nahreisezug;;;;
owl024;DPN;Nahreisezug;;;;
owl025;DPN;Nahreisezug;;;;
owl026;DPN;Nahreisezug;;;;
owl027;DPN;Nahreisezug;;;;
owl028;DPN;Nahreisezug;;;;
owl029;DPN;Nahreisezug;;;;
owl031;STB;moBiel GmbH;;;;
owl032;DPN;Nahreisezug;;;;
owl038;DPN;Nahreisezug;;;;
owl039;DPN;Nahreisezug;;;;
owl040;DPN;Nahreisezug;;;;
owl041;DPN;Nahreisezug;;;;
owl042;DPN;Nahreisezug;;;;
owl043;DPN;Nahreisezug;;;;
owl044;DPN;Nahreisezug;;;;
owl045;DPN;Nahreisezug;;;;
owl049;DPN;Nahreisezug;;;;
owl050;DPN;Nahreisezug;;;;
owl051;DPN;Nahreisezug;;;;
owl052;DPN;Nahreisezug;;;;
owl053;DPN;Nahreisezug;;;;
owl054;DPN;Nahreisezug;;;;
owl059;DPN;Nahreisezug;;;;
OWRB;RB;Ostdeutsche Eisenbahn GmbH;;;;
OWRB13;RB;Ostdeutsche Eisenbahn GmbH;;;;
OWRB14;RB;Ostdeutsche Eisenbahn GmbH;;;;
OWRB15;RB;Ostdeutsche Eisenbahn GmbH;;;;
OWRB19;RB;Ostdeutsche Eisenbahn GmbH;;;;
OWRB33;RB;Ostdeutsche Eisenbahn GmbH;;;;
OWRB46;RB;Ostdeutsche Eisenbahn GmbH;;;;
OWRB51;RB;Ostdeutsche Eisenbahn GmbH;;;;
OWRB64;RB;Ostdeutsche Eisenbahn GmbH;;;;
OWRB65;RB;Ostdeutsche Eisenbahn GmbH;;;;
OWRE;RE;Ostdeutsche Eisenbahn GmbH;;;;
OWRE2;RE;Ostdeutsche Eisenbahn GmbH;;;;
OWRE4;RE;Ostdeutsche Eisenbahn GmbH;;;;
pafBus;DPN;Nahreisezug;;;;
PB;RB;Hanseatische Eisenbahn GmbH;;;;
pbaATT;DPN;Nahreisezug;;;;
pbaitr;DPN;Nahreisezug;;;;
pbaKB;ÖPO;ÖBB-Postbus;;;;
pbaVVT;DPN;Nahreisezug;;;;
pbaW3;DPN;Nahreisezug;;;;
pbaWR;ÖPO;ÖBB-Postbus;;;;
pfaBus;DPN;Nahreisezug;;;Alois Pfeffer e.K.;Bus 200 Passau
prg091;DPN;Nahreisezug;;;;
R0;ENO;enno;;;;
R1;ME;metronom;;;;
R2;ERB;eurobahn;;;;
R2RB;RB;eurobahn;eurobahn (RB);;;RB59,
R2RE;RE;eurobahn;eurobahn (RE);;;RE3,RE13,
R4;VIA;VIAS Rail GmbH;;;;
R4NRN;VIA;VIAS Rail GmbH;VIAS Rail GmbH (NRN);;;Niederrhein-Netz (RE19,)
R4RB35;VIA;VIAS Rail GmbH;;;;
R4RH;VIA;VIAS GmbH;VIAS GmbH;;;RB10,
R4S7;VIA;VIAS Rail GmbH;;;;
R4WEST;VIA;VIAS Rail GmbH;VIAS Rail GmbH West;VIAS;VIAS GmbH;
R7;HzL;Hohenzollerische Landesbahn (SWEG);;;;
rabRAB;RAB;Regionalverkehr Alb-Bodensee;;;;
rbgAST;SBG;Südbadenbus;;;;
rbgBBO;DPN;Nahreisezug;;;;
rbgBER;DPN;Nahreisezug;;;;
rbgBRN;BRN;Busverkehr Rhein-Neckar;;;;
rbgBVH;DPN;Nahreisezug;;;;
rbgFAB;DPN;Nahreisezug;;;;
rbgFMO;FMO;Friedrich Müller Omnibusunternehmen GmbH;;;;
rbgHMO;DPN;Nahreisezug;;;;
rbgKNU;DPN;Nahreisezug;;;;
rbgOVZ;DPN;Nahreisezug;;;;
rbgRBG;DPN;Nahreisezug;;;;
rbgRBS;RBS;Regiobus Stuttgart;;;;
rbgRVS;RVS;Südwestbus;;;;
rbgRVs;RVS;Südwestbus;;;;
rbgSBG;SBG;Südbadenbus;;;;
rbgWMR;DPN;Nahreisezug;;;;
rboMB;DPN;Nahreisezug;;RBO;Regionalbus Ostbayern GmbH;Alle Niederlassungen
rbpORN;ORN;ORN Omnibusverkehr Rhein-Nahe GmbH (Rhein-Nahe-Bus);;;;
rbpRMA;DB;Rhein-Mosel-Bus Ahrweiler;Rhein-Mosel-Bus Ahrweiler;;;
rbpRMB;DB;RMB Rhein-Mosel-Bus;;;DB Regio Bus Rhein-Mosel GmbH;1,11,515,670 (eigentlich  DB Regio Bus Mitte GmbH),
rbpRPB;RPB;Rheinpfalzbus;;;;
rbpRU1;DPN;Nahreisezug;;;DB Regio Bus Rhein-Mosel GmbH;AST 853,AST 869,
rbpRU2;DPN;Nahreisezug;;;;
rbpSAA;DPN;Nahreisezug;;;;
rbpSWM;DB;DB Regio Bus Mitte;;;;
rbr002;DPN;Nahreisezug;;;;
rbr003;DPN;Nahreisezug;;;;
rbr004;DPN;Nahreisezug;;;;
rbrBOS;DPN;Nahreisezug;;;;
rbrOST;DPN;Nahreisezug;;;;
rbrSBE;DPN;Nahreisezug;;;;
rbrSEV;DPN;Nahreisezug;;;;
rbrSNB;DPN;Nahreisezug;;;;
RC;AZS;AUTOZUG Sylt;;;;
RD;VBG;vogtlandbahn - Die Länderbahn GmbH DLB;Vogtlandbahn - Die Länderbahn GmbH DLB;;;
rmbwug;DPN;Nahreisezug;;ROMBS;Rombs Touristik GmbH & CO.;
rmpREB;DPN;Nahreisezug;;;;
rmpRSG;DPN;Nahreisezug;;;;
rmpUBB;DPN;Nahreisezug;;;;
rmtEVA;DPN;Nahreisezug;;;;
rmtEWB;DPN;Nahreisezug;;;;
rmtFiS;DPN;Nahreisezug;;;;
rmtGVB;DPN;Nahreisezug;;;;
rmtIOV;DPN;Nahreisezug;;;;
rmtJES;DPN;Nahreisezug;;;;
rmtJNV;DPN;Nahreisezug;;;;
rmtKOM;DPN;Nahreisezug;;KomBus;KomBus GmbH;VGN 1566,
rmtLWW;DPN;Nahreisezug;;;;
rmtMBB;DPN;Nahreisezug;;;;
rmtMKI;DPN;Nahreisezug;;;;
rmtNDH;DPN;Nahreisezug;;;;
rmtOVG;DPN;Nahreisezug;;;;
rmtPVG;DPN;Nahreisezug;;;;
rmtRBM;DPN;Nahreisezug;;;;
rmtSal;DPN;Nahreisezug;;;;
rmtSNG;DPN;Nahreisezug;;;;
rmtSWG;DPN;Nahreisezug;;;;
rmtTWS;DPN;Nahreisezug;;;;
rmtVHO;DPN;Nahreisezug;;;;
rmtVLG;DPN;Nahreisezug;;;;
rmtVLO;DPN;Nahreisezug;;;;
rmtVUS;DPN;Nahreisezug;;;;
rmtVUW;DPN;Nahreisezug;;;;
rmtVWG;DPN;Nahreisezug;;;;
rmtVWO;DPN;Nahreisezug;;;;
rmtWER;DPN;Nahreisezug;;;;
rmtWGT;DPN;Nahreisezug;;;;
rmv001;DPN;Nahreisezug;;;;
rmv007;DPN;Nahreisezug;;;;
rmv019;DPN;Nahreisezug;;;;
rmv020;DPN;Nahreisezug;;;;
rmv031;DPN;Nahreisezug;;;;
rmv045;DPN;Nahreisezug;;;;
rmv053;DPN;Nahreisezug;;;;
rmv061;DPN;Nahreisezug;;;;
rmv087;DPN;Nahreisezug;;;;
rmv099;DPN;Nahreisezug;;;;
rmv106;DPN;Nahreisezug;;;;
rmv117;DPN;Nahreisezug;;;;
rmv156;DPN;Nahreisezug;;;;
rmv158;DPN;Nahreisezug;;;;
rmv162;DPN;Nahreisezug;;;;
rmv163;DPN;Nahreisezug;;;;
rmv165;DPN;Nahreisezug;;;;
rmv168;DPN;Nahreisezug;;;;
rmv196;DPN;Nahreisezug;;;;
rmv211;DPN;Nahreisezug;;;;
rmv218;DPN;Nahreisezug;;;;
rmv222;DPN;Nahreisezug;;;;
rmv223;DPN;Nahreisezug;;;;
rmv224;DPN;Nahreisezug;;;;
rmv234;DPN;Nahreisezug;;;;
rmv238;DPN;Nahreisezug;;;;
rmv242;DPN;Nahreisezug;;;;
rmv243;DPN;Nahreisezug;;;;
rmv251;DPN;Nahreisezug;;;;
rmv254;DPN;Nahreisezug;;;;
rmv255;DPN;Nahreisezug;;;;
rmv257;DPN;Nahreisezug;;;;
rmv258;DPN;Nahreisezug;;;;
rmv260;DPN;Nahreisezug;;;;
rmv264;DPN;Nahreisezug;;;;
rmv265;DPN;Nahreisezug;;;;
rmv269;DPN;Nahreisezug;;;;
rmv272;DPN;Nahreisezug;;;;
rmv275;DPN;Nahreisezug;;;;
rmv277;DPN;Nahreisezug;;;;
rmv278;DPN;Nahreisezug;;;;
rmv282;DPN;Nahreisezug;;;;
rmv283;DPN;Nahreisezug;;;;
rmv284;DPN;Nahreisezug;;;;
rmv289;DPN;Nahreisezug;;;;
rmv290;DPN;Nahreisezug;;;;
rmv293;DPN;Nahreisezug;;;;
rmv294;DPN;Nahreisezug;;;;
rmv295;DPN;Nahreisezug;;;;
rmv297;DPN;Nahreisezug;;;;
rmv301;DPN;Nahreisezug;;;;
rmv304;DPN;Nahreisezug;;;;
rmv305;DPN;Nahreisezug;;;;
rmv306;DPN;Nahreisezug;;;;
rmv307;DPN;Nahreisezug;;;;
rmv308;DPN;Nahreisezug;;;;
rmv309;DPN;Nahreisezug;;;;
rmv316;DPN;Nahreisezug;;;;
rmv317;DPN;Nahreisezug;;;;
rmv319;DPN;Nahreisezug;;;;
rmv322;DPN;Nahreisezug;;;;
rmv323;DPN;Nahreisezug;;;;
rmv333;DPN;Nahreisezug;;;;
rmv392;DPN;Nahreisezug;;;;
rmv394;DPN;Nahreisezug;;;;
rmv395;DPN;Nahreisezug;;;;
rmv396;DPN;Nahreisezug;;;;
rmv397;DPN;Nahreisezug;;;;
rmv398;DPN;Nahreisezug;;;;
rmv399;DPN;Nahreisezug;;;;
rmv400;DPN;Nahreisezug;;;;
rmv401;DPN;Nahreisezug;;;;
rmv403;DPN;Nahreisezug;;;;
rmv404;DPN;Nahreisezug;;;;
rmv405;DPN;Nahreisezug;;;;
rmv406;DPN;Nahreisezug;;;;
rmv408;DPN;Nahreisezug;;;;
rmv412;DPN;Nahreisezug;;;;
rmv413;DPN;Nahreisezug;;;;
rmvALV;DPN;Nahreisezug;;;;
rmvARG;DPN;Nahreisezug;;;;
rmvBBW;DPN;Nahreisezug;;;;
rmvBEC;DPN;Nahreisezug;;;;
rmvCBU;DPN;Nahreisezug;;;;
rmvDBR;DPN;Nahreisezug;;;;
rmvERL;DPN;Nahreisezug;;;;
rmvESE;DPN;Nahreisezug;;;;
rmvFBB;DPN;Nahreisezug;;;;
rmvFGR;DPN;Nahreisezug;;;;
rmvFRI;DPN;Nahreisezug;;;;
rmvFro;DPN;Nahreisezug;;;;
rmvFSB;DPN;Nahreisezug;;;;
rmvFUL;DPN;Nahreisezug;;;;
rmvGBG;DPN;Nahreisezug;;;;
rmvGIB;DPN;Nahreisezug;;;;
rmvHEB;DPN;Nahreisezug;;;;
rmvHGS;DPN;Nahreisezug;;;;
rmvHLB;DPN;Nahreisezug;;;;
rmvHTR;DPN;Nahreisezug;;;;
rmvJUN;DPN;Nahreisezug;;;;
rmvKAE;DPN;Nahreisezug;;;;
rmvKOF;DPN;Nahreisezug;;;;
rmvKRT;DPN;Nahreisezug;;;;
rmvLGG;DPN;Nahreisezug;;;;
rmvMUL;DPN;Nahreisezug;;;;
rmvNVG;DPN;Nahreisezug;;;;
rmvPoh;DPN;Nahreisezug;;;;
rmvRAC;DPN;Nahreisezug;;;;
rmvREV;DPN;Nahreisezug;;;;
rmvRIN;DPN;Nahreisezug;;;;
rmvRTO;DPN;Nahreisezug;;;;
rmvRTV;DPN;Nahreisezug;;;;
rmvSBB;DPN;Nahreisezug;;;;
rmvSBO;DPN;Nahreisezug;;;;
rmvSFB;DPN;Nahreisezug;;;;
rmvSIL;DPN;Nahreisezug;;;;
rmvSLM;DPN;Nahreisezug;;;;
rmvSWF;DPN;Nahreisezug;;;;
rmvSWK;DPN;Nahreisezug;;;;
rmvSWN;DPN;Nahreisezug;;;;
rmvSWR;DPN;Nahreisezug;;;;
rmvTRD;DPN;Nahreisezug;;;;
rmvVBB;DPN;Nahreisezug;;;;
rmvVES;DPN;Nahreisezug;;;;
rmvVIL;DPN;Nahreisezug;;;;
rmvVLD;DPN;Nahreisezug;;;;
rmvVUW;DPN;Nahreisezug;;;;
rmvWB;DPN;Nahreisezug;;;;
rmvWIN;DPN;Nahreisezug;;;;
rmvWIR;DPN;Nahreisezug;;;;
rmvWIS;DPN;Nahreisezug;;;;
rmvWZV;DPN;Nahreisezug;;;;
rohBus;DPN;Nahreisezug;;;;
RS;RE;Regionalverkehre Start Deutschland GmbH;;;;
RSNM;RB;Regionalverkehre Start Deutschland GmbH (Start Niedersachsen-Mitte);;;;
RSTN;STN;Regionalverkehre Start Deutschland GmbH (Start Taunus);Regionalverkehre Start Deutschland GmbH (Start Taunus);;;
RSUE;RE;Regionalverkehre Start Deutschland GmbH (Start Unterelbe);;;;
rvgRVG;DPN;Nahreisezug;;;;
rvoRVO;RVO;Regionalverkehr Oberbayern;Regionalverkehr Oberbayern;;;
rvvRVV;DPN;Nahreisezug;;;;
RW;PRE;Pressnitztalbahn;;;;
S0;DPN;Nahreisezug;;;;
S1;DPN;Nahreisezug;;;;
S3;SWB;Stadtwerke Bonn;Stadtwerke Bonn;SSB;Elektrische Bahnen der Stadt Bonn und des Rhein-Sieg-Kreises GmbH;66,67
S6;SWE;SWEG Südwestdeutsche Landesverkehrs-GmbH;SWEG Südwestdeutsche Landesverkehrs-GmbH;;;
S7;DPN;Nahreisezug;;;;
S9;ag;agilis;agilis (RE);;;RE22,
SAB;SAB;Schwäbische Alb-Bahn;Schwäbische Alb-Bahn;;;
SAD003;SAD;Vinschgaubahn;;;;
sadBUS;DPN;Nahreisezug;;;Schmid Faszinatour GmbH & Co. KG;Stadtverkehr Schwandorf + Überlandlinien 105,106,108,109,110
SB;RB;Süd-Thüringen-Bahn GmbH;;;;
sbpMU;DPN;Nahreisezug;;;;
sbpRW;DPN;Nahreisezug;;;;
sbpSK;DPN;Nahreisezug;;;;
SBSBUS;DPN;Nahreisezug;;;;
sbsbus;DPN;Nahreisezug;;;;
SBSIRE;IRE;SWEG Bahn Stuttgart GmbH;;;;
SBSMEX;MEX;DB Regio Stuttgart GmbH;DB Regio Stuttgart GmbH;;;
SBSRB;RB;DB Regio Stuttgart GmbH;DB Regio Stuttgart GmbH;;;
SBSRE;RE;DB Regio Stuttgart GmbH;DB Regio Stuttgart GmbH;;;
SBX;RE;Süd-Thüringen-Bahn GmbH;;;;
SD;DB;DB Regio AG Südost;;;;
smrBus;DPN;Nahreisezug;;;;
smrRfb;DPN;Nahreisezug;;;;
snp001;DPN;Nahreisezug;;;;
snp002;DPN;Nahreisezug;;;;
spaBus;DPN;Nahreisezug;;;;
srg001;DPN;Nahreisezug;;;;Bus 201 Passau 'Siegh' (Sieghart Bus GmbH, Busverkehr Nationalpark-Ilzer Land, Verbundtarif Donau/Wald)
srlBus;DPN;Nahreisezug;;;;
sswssw;DPN;Nahreisezug;;;;
sva006;DPN;Nahreisezug;;;;
svaBUS;DPN;Nahreisezug;;;;
svaSTR;DPN;Nahreisezug;;;;
svr001;DPN;Nahreisezug;;;;
SW;DPN;Nahreisezug;;;;
swg099;SWE;SWEG Südwestdeutsche Landesverkehrs-GmbH;;;;
swgSWB;DPN;Nahreisezug;;;;
swlbus;DPN;Nahreisezug;;STWLA;Stadtwerke Landshut;
swm001;DPN;Nahreisezug;;MVG;Münchner Verkehrsgesellschaft mbH;U-Bahn
swm002;DPN;Nahreisezug;;MVG;Münchner Verkehrsgesellschaft mbH;Straßenbahn
swm003;DPN;Nahreisezug;;MVG;Münchner Verkehrsgesellschaft mbH;Busse
swpVBP;DPN;Nahreisezug;;VBP;Verkehrsbetriebsgesellschaft Passau mbH;Stadtwerke Passau GmbH
swt_31;DPN;Nahreisezug;;;;
swt_32;DPN;Nahreisezug;;;;
swt_33;DPN;Nahreisezug;;;;
swt_35;DPN;Nahreisezug;;;;
swt_36;DPN;Nahreisezug;;;;
swt_37;DPN;Nahreisezug;;;;
swt_38;DPN;Nahreisezug;;;;
swt_39;DPN;Nahreisezug;;;;
swt001;DPN;Nahreisezug;;;;
swt007;DPN;Nahreisezug;;;;
swt009;DPN;Nahreisezug;;;;
swt014;DPN;Nahreisezug;;;;
swt021;DPN;Nahreisezug;;;;
swt022;DPN;Nahreisezug;;;;
swt023;DPN;Nahreisezug;;;;
swt024;DPN;Nahreisezug;;;;
swt025;DPN;Nahreisezug;;;;
swt026;DPN;Nahreisezug;;;;
swt028;DPN;Nahreisezug;;;;
swt030;DPN;Nahreisezug;;;bkr mobility GmbH;355,
swt031;DPN;Nahreisezug;;;;
swt032;DPN;Nahreisezug;;;;
swt033;DPN;Nahreisezug;;;;
swtb00;DPN;Nahreisezug;;;;
swtb01;DPN;Nahreisezug;;;;
swtb03;DPN;Nahreisezug;;;;
swtb12;DPN;Nahreisezug;;;;
swtb16;DPN;Nahreisezug;;;;
swtb19;DPN;Nahreisezug;;;;
swtb20;DPN;Nahreisezug;;;;
swtb21;DPN;Nahreisezug;;;;
swtb22;DPN;Nahreisezug;;;;
swtb24;DPN;Nahreisezug;;;;
swtb25;DPN;Nahreisezug;;;;
swtb27;DPN;Nahreisezug;;;;
swtb29;DPN;Nahreisezug;;;;
T8;BRB;Bayerische Regiobahn;Bayerische Regiobahn;;;
TDHS;S;S-Bahn Hannover (Transdev);;;;
TDRR;RRB;RheinRuhrBahn (Transdev);RheinRuhrBahn (Transdev);;;S7,
tgo099;SWE;SWEG Südwestdeutsche Landesverkehrs-GmbH;;;;
TR;RB;MittelrheinBahn (Trans Regio);TRANS REGIO;;;
TRI;TRI;TRI Train Rental GmbH;;;;
tub001;DPN;Nahreisezug;;;;
tub003;DPN;Nahreisezug;;;;
tub004;DPN;Nahreisezug;;;;
tub007;DPN;Nahreisezug;;;;
tub008;DPN;Nahreisezug;;;;
tub009;DPN;Nahreisezug;;;;
tub010;DPN;Nahreisezug;;;;
tub015;DPN;Nahreisezug;;;;
tub022;DPN;Nahreisezug;;;;
tub030;DPN;Nahreisezug;;;;
tub031;DPN;Nahreisezug;;;;
tub033;DPN;Nahreisezug;;;;
tub034;DPN;Nahreisezug;;;;
tub035;DPN;Nahreisezug;;;;
tub036;DPN;Nahreisezug;;;;
tub038;DPN;Nahreisezug;;;;
tub041;DPN;Nahreisezug;;;;
tub042;DPN;Nahreisezug;;;;
tub044;DPN;Nahreisezug;;;;
tub048;DPN;Nahreisezug;;;;
tub049;DPN;Nahreisezug;;;;
tub051;DPN;Nahreisezug;;;;
tub053;DPN;Nahreisezug;;;;
tub054;DPN;Nahreisezug;;;;
tub061;DPN;Nahreisezug;;;;
tub068;DPN;Nahreisezug;;;;
tub069;DPN;Nahreisezug;;;;
tub071;DPN;Nahreisezug;;;;
tub072;DPN;Nahreisezug;;;;
tub079;DPN;Nahreisezug;;;;
tub090;DPN;Nahreisezug;;;;
tub093;DPN;Nahreisezug;;;;
tub094;DPN;Nahreisezug;;;;
tub095;DPN;Nahreisezug;;;;
tut001;DPN;Nahreisezug;;;;
UW;UBB;Usedomer Bäderbahn;;;;
V6;vlx;vlexx;;;;
V6RB;RB;vlexx;vlexx (RB);;;
V6RE;RE;vlexx;vlexx (RE);;;RE2,
V7;SVG;SVG Schienenverkehrsgesellschaft Stuttgart;;;;
V9;P;Wanderbahn im Regental;;;;
vabsta;DPN;Nahreisezug;;;;
vag010;DPN;Nahreisezug;;;;
vag011;DPN;Nahreisezug;;;;
vag013;DPN;Nahreisezug;;;;
vag014;DPN;Nahreisezug;;;;
vag060;DPN;Nahreisezug;;;;
vanbus;DPN;Nahreisezug;;;;
vanstr;DPN;Nahreisezug;;;;
vanuba;DPN;Nahreisezug;;;;
vbb070;DPN;Nahreisezug;;;;
vbb071;DPN;Nahreisezug;;;;
vbb072;DPN;Nahreisezug;;;;
vbbBBG;DPN;Nahreisezug;;;;
vbbBRB;DPN;Nahreisezug;;;;
vbbBRT;DPN;Nahreisezug;;;;
vbbBVB;DPN;Nahreisezug;;;;
vbbBVF;DPN;Nahreisezug;;;;
vbbBVT;DPN;Nahreisezug;;;;
vbbBVU;DPN;Nahreisezug;;;;
vbbCNB;DPN;Nahreisezug;;;;
vbbCNT;DPN;Nahreisezug;;;;
vbbFFB;DPN;Nahreisezug;;;;
vbbFFT;DPN;Nahreisezug;;;;
vbbGLA;DPN;Nahreisezug;;;;
vbbHVG;DPN;Nahreisezug;;;;
vbbMOB;DPN;Nahreisezug;;;;
vbbORP;DPN;Nahreisezug;;;;
vbbOSL;DPN;Nahreisezug;;;;
vbbOVG;DPN;Nahreisezug;;;;
vbbREI;DPN;Nahreisezug;;;;
vbbRPM;DPN;Nahreisezug;;;;
vbbRVS;DPN;Nahreisezug;;;;
vbbSCH;DPN;Nahreisezug;;;;
vbbSRS;DPN;Nahreisezug;;;;
vbbSTE;DPN;Nahreisezug;;;;
vbbSTF;DPN;Nahreisezug;;;;
vbbSTG;DPN;Nahreisezug;;;;
vbbUVG;DPN;Nahreisezug;;;;
vbbVEE;DPN;Nahreisezug;;;;
vbbVIB;DPN;Nahreisezug;;;;
vbbVIF;DPN;Nahreisezug;;;;
vbbVIT;DPN;Nahreisezug;;;;
vbbVTF;DPN;Nahreisezug;;;;
vgb00;DPN;Nahreisezug;;;;
vgm013;DPN;Nahreisezug;;;;
vgm020;DPN;Nahreisezug;;;;
vgm022;DPN;Nahreisezug;;;;
vgm023;DPN;Nahreisezug;;;;
vgm024;DPN;Nahreisezug;;;;
vgm025;DPN;Nahreisezug;;;;
vgm026;DPN;Nahreisezug;;;;
vgm028;DPN;Nahreisezug;;;;
vgm029;DPN;Nahreisezug;;;;
vgm030;DPN;Nahreisezug;;;;
vgm031;DPN;Nahreisezug;;;;
vgm032;DPN;Nahreisezug;;;;
vgm033;DPN;Nahreisezug;;;;
vgm034;DPN;Nahreisezug;;;;
vgm035;DPN;Nahreisezug;;;;
vgm036;DPN;Nahreisezug;;;;
vgm037;DPN;Nahreisezug;;;;
vgm038;DPN;Nahreisezug;;;;
vgm039;DPN;Nahreisezug;;;;
vgm040;DPN;Nahreisezug;;;;
vgm041;DPN;Nahreisezug;;;;
vgm042;DPN;Nahreisezug;;;;
vgm044;DPN;Nahreisezug;;;;
vgm045;DPN;Nahreisezug;;;;
vgm046;DPN;Nahreisezug;;;;
vgm047;DPN;Nahreisezug;;;;
vgm050;DPN;Nahreisezug;;VKU;Verkehrsgesellschaft Kreis Unna mbH;S30,
vgm051;DPN;Nahreisezug;;;;
vgm053;DPN;Nahreisezug;;;;
vgm060;DPN;Nahreisezug;;;;
vgm079;DPN;Nahreisezug;;;;
vgm092;DPN;Nahreisezug;;;;
vgm093;WB;Westfalenbus;;;;
vgm094;DPN;Nahreisezug;;WB;Westfalen Bus GmbH;55,
vgmb93;WB;Westfalenbus;;;;
vgn_16;DPN;Nahreisezug;;;;
vgn043;DPN;Nahreisezug;;;;
vgn061;DPN;Nahreisezug;;;;
vgn063;DPN;Nahreisezug;;Osterrieder;Omnibusunternehmen C. Osterrieder;
vgn065;DPN;Nahreisezug;;;;
vgn068;DPN;Nahreisezug;;;;
vgn083;DPN;Nahreisezug;;;Siegfried Hammon OHG;370,
vgsARG;DPN;Nahreisezug;;;;
vgsBar;DPN;Nahreisezug;;;;
vgsBTV;DPN;Nahreisezug;;;;
vgsKIR;DPN;Nahreisezug;;;;
vgsKVS;DPN;Nahreisezug;;;;
vgsLay;DPN;Nahreisezug;;;;
vgsMLB;DPN;Nahreisezug;;;;
vgsNVG;DPN;Nahreisezug;;;;
vgsSAM;DPN;Nahreisezug;;;;
vgsSBB;DPN;Nahreisezug;;;;
vgsSBS;S;Saarbahn;;;;
vgsVVB;DPN;Nahreisezug;;;;
vgsZar;DPN;Nahreisezug;;;;
vhb000;DPN;Nahreisezug;;;;
vhb002;DPN;Nahreisezug;;;;
vhb003;DPN;Nahreisezug;;;;
vmo004;DPN;Nahreisezug;;;;
vmo008;DPN;Nahreisezug;;;;
vmo010;DPN;Nahreisezug;;;;
vmo012;DPN;Nahreisezug;;;;
vmo050;DPN;Nahreisezug;;;;
vmo099;DPN;Nahreisezug;;;;
vms001;DPN;Nahreisezug;;;;
vms002;DPN;Nahreisezug;;;;
vms010;DPN;Nahreisezug;;;;
vms011;DPN;Nahreisezug;;;;
vms012;DPN;Nahreisezug;;;;
vms014;DPN;Nahreisezug;;;;
vms020;DPN;Nahreisezug;;;;
vms022;DPN;Nahreisezug;;;;
vms023;DPN;Nahreisezug;;;;
vms024;DPN;Nahreisezug;;;;
vms025;DPN;Nahreisezug;;;;
vms031;DPN;Nahreisezug;;;;
vms032;DPN;Nahreisezug;;;;
vms040;DPN;Nahreisezug;;;;
vms041;DPN;Nahreisezug;;;;
vms042;DPN;Nahreisezug;;;;
vms043;DPN;Nahreisezug;;;;
vms044;DPN;Nahreisezug;;;;
vms046;DPN;Nahreisezug;;;;
vms047;DPN;Nahreisezug;;;;
vms051;DPN;Nahreisezug;;;;
vms056;DPN;Nahreisezug;;;;
vms060;DPN;Nahreisezug;;;;
vms061;DPN;Nahreisezug;;;;
vms062;DPN;Nahreisezug;;;;
vms063;DPN;Nahreisezug;;;;
vms064;DPN;Nahreisezug;;;;
vms070;DPN;Nahreisezug;;;;
vms076;DPN;Nahreisezug;;;;
vms077;DPN;Nahreisezug;;;;
vms080;DPN;Nahreisezug;;;;
vms081;DPN;Nahreisezug;;;;
vms099;DPN;Nahreisezug;;;;
voe_12;DPN;Nahreisezug;;;;
voe_SB;DPN;Nahreisezug;;;;
voe002;DPN;Nahreisezug;;;;
voe011;DPN;Nahreisezug;;;;
voe012;DPN;Nahreisezug;;;;
voe013;DPN;Nahreisezug;;;;
voe015;DPN;Nahreisezug;;;;
voe021;DPN;Nahreisezug;;;;
voe022;DPN;Nahreisezug;;;;
voe023;DPN;Nahreisezug;;;;
voe024;DPN;Nahreisezug;;;;
voe027;DPN;Nahreisezug;;;;
voe028;DPN;Nahreisezug;;;;
voe029;DPN;Nahreisezug;;;;
voe081;DPN;Nahreisezug;;;;
voe091;DPN;Nahreisezug;;;;
voeALT;DPN;Nahreisezug;;;;
voeBU3;DPN;Nahreisezug;;;;
voeBU4;DPN;Nahreisezug;;;;
voeFAE;DPN;Nahreisezug;;;;
voeSTR;DPN;Nahreisezug;;;;
voeSWB;DPN;Nahreisezug;;;;
vogBus;DPN;Nahreisezug;;;;
von026;DPN;Nahreisezug;;;;
von027;DPN;Nahreisezug;;;;
von030;DPN;Nahreisezug;;;;
von031;DPN;Nahreisezug;;;;
von032;DPN;Nahreisezug;;;;
von042;DPN;Nahreisezug;;;;
von044;DPN;Nahreisezug;;;;
von052;DPN;Nahreisezug;;;;
von062;DPN;Nahreisezug;;;;
von064;DPN;Nahreisezug;;;;
von065;DPN;Nahreisezug;;;;
von069;DPN;Nahreisezug;;;;
vpeAST;DPN;Nahreisezug;;;;
vpeBus;DPN;Nahreisezug;;;;
vph063;DPN;Nahreisezug;;;;
vph071;DPN;Nahreisezug;;;;
vph072;DPN;Nahreisezug;;;;
vph073;DPN;Nahreisezug;;;;
vph074;DPN;Nahreisezug;;;;
vph075;DPN;Nahreisezug;;;;
vph076;DPN;Nahreisezug;;;;
vph077;DPN;Nahreisezug;;;;
vph078;DPN;Nahreisezug;;;;
vph079;DPN;Nahreisezug;;;;
vph080;DPN;Nahreisezug;;;;
vph081;DPN;Nahreisezug;;;;
vph082;DPN;Nahreisezug;;;;
vpo099;DPN;Nahreisezug;;;;
vrm002;DPN;Nahreisezug;;;;
vrm004;DPN;Nahreisezug;;;;710,720 (bkr-mobility & DB Regio Bus Mitte & Scherer Reisen)?
vrm005;DPN;Nahreisezug;;;;
vrm006;DPN;Nahreisezug;;Griesar Reisen;Griesar Reisen GmbH;419,460,485,
vrm007;DPN;Nahreisezug;;;;
vrm008;DPN;Nahreisezug;;;;
vrm009;DPN;Nahreisezug;;Bischoff-Touristik;Bischoff-Touristik GmbH & Co. KG;128,170,
vrm010;DPN;Nahreisezug;;;;750 (bkr-mobility & Scherer Reisen)?,
vrm011;DPN;Nahreisezug;;;;
vrm012;DPN;Nahreisezug;;Gilles Personenschifffahrt;Personenschifffahrt Gilles GmbH;Ehrenbreitstein - Koblenz (F10)
vrm014;DPN;Nahreisezug;;;;
vrm015;DPN;Nahreisezug;;;;
vrm016;DPN;Nahreisezug;;;;
vrm017;DPN;Nahreisezug;;;;
vrm018;DPN;Nahreisezug;;;Dillschnitter GmbH und Co. KG;150
vrm019;DPN;Nahreisezug;;;Rheinfähre Linz-Kripp GmbH;Remagen - Erpel (F21),Linz - Kripp (F22)
vrm020;DPN;Nahreisezug;;;;
vrm025;DPN;Nahreisezug;;;Fährgemeinschaft Kaub GbR;Kaub - Oberwesel Engelsburg (F51)
vrm031;DPN;Nahreisezug;;koveb;Koblenzer Verkehrsbetriebe GmbH;
vrm032;DPN;Nahreisezug;;Verkehrsbetriebe Mittelrhein;Ahrweiler Verkehrs GmbH;(AWV)
vrm036;DPN;Nahreisezug;;Martin Becker;Martin Becker GmbH & Co. KG;
vrm039;DPN;Nahreisezug;;RSVG;Rhein-Sieg-Verkehrsgesellschaft mbH;176,179,180,
vrm061;DPN;Nahreisezug;;;;
vrm066;DPN;Nahreisezug;;;;
vrm067;DPN;Nahreisezug;;;;
vrm068;DPN;Nahreisezug;;;;
vrm069;DPN;Nahreisezug;;;;
vrm070;DPN;Nahreisezug;;Scherer Reisen;SVG Scherer Verkehrs GmbH;670,681,682,683,688,689,
vrm072;DPN;Nahreisezug;;;;
vrm073;DPN;Nahreisezug;;;;
vrm074;DPN;Nahreisezug;;;;
vrm077;DPN;Nahreisezug;;;;
vrm078;DPN;Nahreisezug;;;KVG Zickenheiner GmbH;
vrm083;DPN;Nahreisezug;;;;
vrm084;DPN;Nahreisezug;;Verkehrsbetriebe Mittelrhein;Verkehrsbetrieb Rhein-Eifel-Mosel GmbH;(VREM)
vrm085;DPN;Nahreisezug;;VRW;Verkehrsbetrieb Rhein-Westerwald GmbH;110,
vrn008;STR;Rhein-Neckar-Verkehr GmbH;;;;
vrn011;STR;Rhein-Neckar-Verkehr GmbH;;;;
vrn016;DPN;Nahreisezug;;;;
vrn017;DPN;Nahreisezug;;;;
vrn018;DPN;Nahreisezug;;;;
vrn019;DPN;Nahreisezug;;;;
vrn020;DPN;Nahreisezug;;;;
vrn022;MNV;MNV Mittelhaardt Nahverkehrsgesellschaft;;;;
vrn023;DPN;Nahreisezug;;;;
vrn025;DPN;Nahreisezug;;;;
vrn026;DPN;Nahreisezug;;;;
vrn027;DPN;Nahreisezug;;;;
vrn028;H&P;Hetzler & Pfadt;;;;
vrn029;DPN;Nahreisezug;;;;
vrn030;DPN;Nahreisezug;;;;
vrn032;PAL;PalatinaBus;;;;
vrn033;DPN;Nahreisezug;;;;
vrn040;DPN;Nahreisezug;;;;
vrn041;DPN;Nahreisezug;;;;
vrn043;DPN;Nahreisezug;;;;
vrn047;DPN;Nahreisezug;;;;
vrn049;DPN;Nahreisezug;;;;
vrn050;QNV;QNV Queichtal Nahverkehr;;;;
vrn051;DPN;Nahreisezug;;;;
vrn053;DPN;Nahreisezug;;;;
vrn057;DPN;Nahreisezug;;;;
vrn058;DPN;Nahreisezug;;;;
vrn059;DPN;Nahreisezug;;;;
vrn062;DPN;Nahreisezug;;;;
vrn068;DPN;Nahreisezug;;;;
vrn073;DPN;Nahreisezug;;;;
vrn074;DPN;Nahreisezug;;;;
vrn076;DPN;Nahreisezug;;;;
vrn078;DPN;Nahreisezug;;;;
vrn079;DPN;Nahreisezug;;;;
vrn080;DPN;Nahreisezug;;;;
vrn081;DPN;Nahreisezug;;;;
vrn082;DPN;Nahreisezug;;;;
vrn083;DPN;Nahreisezug;;;;
vrn095;DPN;Nahreisezug;;;;
vrnOEG;RNV;Rhein-Neckar-Verkehr GmbH (Oberrheinische Eisenbahn);;;;
vrnRHB;RNV;Rhein-Neckar-Verkehr GmbH (Rhein-Haardtbahn);;;;
vrr001;DPN;Nahreisezug;;;;
vrr002;DPN;Nahreisezug;;;;
vrr010;DPN;Nahreisezug;;;;
vrr011;DPN;Nahreisezug;;;;
vrr012;DPN;Nahreisezug;;;;
vrr013;DPN;Nahreisezug;;;;
vrr015;DPN;Nahreisezug;;;;
vrr016;DPN;Nahreisezug;;;Stadtwerke Remscheid GmbH;
vrr018;DPN;Nahreisezug;;;Stadtwerke Solingen GmbH;
vrr020;DPN;Nahreisezug;;DVG;Duisburger Verkehrsgesellschaft AG;U79
vrr021;DPN;Nahreisezug;;;;
vrr023;DPN;Nahreisezug;;;;
vrr025;DPN;Nahreisezug;;;;
vrr029;DPN;Nahreisezug;;;;
vrr030;DPN;Nahreisezug;;;;
vrr031;DPN;Nahreisezug;;;;
vrr032;DPN;Nahreisezug;;;;
vrr033;DPN;Nahreisezug;;;;
vrr034;DPN;Nahreisezug;;;;
vrr035;DPN;Nahreisezug;;;;
vrr036;DPN;Nahreisezug;;DSW21;Dortmunder Stadtwerke AG;U-Bahn
vrr037;DPN;Nahreisezug;;;;
vrr038;DPN;Nahreisezug;;DSW21;Dortmunder Stadtwerke AG;Busse
vrr039;DPN;Nahreisezug;;;;
vrr040;DPN;Nahreisezug;;;;
vrr045;DPN;Nahreisezug;;VER;Verkehrsgesellschaft Ennepe-Ruhr mbH;SB67
vrr050;DPN;Nahreisezug;;;;
vrr060;DPN;Nahreisezug;;;;
vrr064;DPN;Nahreisezug;;WSW;WSW mobil GmbH;Schwebebahn
vrr065;DPN;Nahreisezug;;;;
vrr066;DPN;Nahreisezug;;WSW;WSW mobil GmbH;Busse
vrr070;DPN;Nahreisezug;;Rheinbahn;Rheinbahn AG;U-Bahn
vrr071;DPN;Nahreisezug;;Rheinbahn;Rheinbahn AG;Straßenbahn
vrr072;DPN;Nahreisezug;;Rheinbahn;Rheinbahn AG;Busse
vrr073;DPN;Nahreisezug;;;;
vrr075;DPN;Nahreisezug;;;;
vrr076;DPN;Nahreisezug;;Bahnen Monheim;Bahnen der Stadt Monheim GmbH;791,
vrr077;DPN;Nahreisezug;;;;
vrr080;DPN;Nahreisezug;;;;
vrr088;BVR;Busverkehr Rheinland;Busverkehr Rheinland;BVR;BVR Busverkehr Rheinland GmbH;SB66,882,
vrs001;DPN;Nahreisezug;;KVB;Kölner Verkehrs-Betriebe AG;
vrs003;DPN;Nahreisezug;;wupsi;wupsi GmbH;
vrs006;DPN;Nahreisezug;;SWB;Stadtwerke Bonn Verkehrs GmbH;ohne 66, 67
vrs008;DPN;Nahreisezug;;RSVG;Rhein-Sieg-Verkehrsgesellschaft mbH;
vrs011;DPN;Nahreisezug;;OVAG;Oberbergische Verkehrsgesellschaft mbH;
vrs012;DPN;Nahreisezug;;RVK;Regionalverkehr Köln GmbH;Niederlassung Meckenheim
vrs013;DPN;Nahreisezug;;RVK;Regionalverkehr Köln GmbH;Niederlassung Euskirchen
vrs014;DPN;Nahreisezug;;RVK;Regionalverkehr Köln GmbH;Niederlassung Bergisch Gladbach
vrs016;DPN;Nahreisezug;;RVK;Regionalverkehr Köln GmbH;Niederlassung Wermelskirchen
vrs017;DPN;Nahreisezug;;REVG;Rhein-Erft-Verkehrsgesellschaft mbH;
vrs021;DPN;Nahreisezug;;;;
vrs022;DPN;Nahreisezug;;SVE;Stadtverkehr Euskirchen GmbH;
vrs023;DPN;Nahreisezug;;Stadtwerke Hürth;Stadtwerke Hürth AöR;
vrs024;DPN;Nahreisezug;;Stadtwerke Brühl;Stadtwerke Brühl Verkehrs GmbH;
vrs025;DPN;Nahreisezug;;;;
vrs028;DPN;Nahreisezug;;Schäfer Reisen;Karl Schäfer Omnibusreisen GmbH;
vrs029;DPN;Nahreisezug;;Stadtwerke Wesseling;Stadtwerke Wesseling GmbH;
vrs060;DPN;Nahreisezug;;;;
vrs063;DPN;Nahreisezug;;Bahnen Monheim;Bahnen der Stadt Monheim GmbH;
vrsSWB;DPN;Nahreisezug;;SWB;Stadtwerke Bonn Verkehrs-GmbH;vermutlich? Sind Fahrten mit type UNKNOWN, bisher auf 5, 16, 18, 132 gesehen
vsh001;DPN;Nahreisezug;;;;
vsh010;DPN;Nahreisezug;;;;
vsh020;DPN;Nahreisezug;;;;
vuvab;VU;Verkehrsgesellschaft mbH Untermain;;;;
vvs012;WEG;Württembergische Eisenbahn-Gesellschaft mbH;;;;
vvs020;DPN;Nahreisezug;;;;
vvs021;DPN;Nahreisezug;;;;
vvs030;DPN;Nahreisezug;;;;
vvs031;DPN;Nahreisezug;;;;
vvs033;DPN;Nahreisezug;;;;
vvs034;DPN;Nahreisezug;;;;
vvs035;DPN;Nahreisezug;;;;
vvs041;DPN;Nahreisezug;;;;
vvs050;DPN;Nahreisezug;;;;
vvs051;DPN;Nahreisezug;;;;
vvs052;DPN;Nahreisezug;;;;
vvs055;DPN;Nahreisezug;;;;
vvs077;DPN;Nahreisezug;;;;
vvs078;DPN;Nahreisezug;;;;
vwmBuS;DPN;Nahreisezug;;;;
vwmNAH;DPN;Nahreisezug;;;;
vwmStr;DPN;Nahreisezug;;;;
vwmVLP;DPN;Nahreisezug;;;;
vws003;DPN;Nahreisezug;;;;
vws005;DPN;Nahreisezug;;;;
vws007;DPN;Nahreisezug;;;;
W0;WDR;Wyker Dampfschiffs-Reederei Föhr-Amrum GmbH;;;;
W2;Dab;Daadetalbahn;;;;
W3;WFB;WestfalenBahn;WestfalenBahn;;;
W6;WTB;Wutachtalbahn;;;;
W9;WBA;waldbahn - Die Länderbahn GmbH DLB;;;;
wabBus;DPN;Nahreisezug;;;;
web_AN;DPN;Nahreisezug;;;;
web_HB;DPN;Nahreisezug;;;;
web_OF;DPN;Nahreisezug;;;;
web_OS;DPN;Nahreisezug;;;;
web002;DPN;Nahreisezug;;;;
web005;DPN;Nahreisezug;;;;
web006;DPN;Nahreisezug;;;;
web018;DPN;Nahreisezug;;;;
web019;DPN;Nahreisezug;;;;
webALL;DPN;Nahreisezug;;;;
webAND;DPN;Nahreisezug;;;;
webARE;DPN;Nahreisezug;;;;
webAST;DPN;Nahreisezug;;;;
webBBU;DPN;Nahreisezug;;;;
webBEC;DPN;Nahreisezug;;;;
webBPU;DPN;Nahreisezug;;;;
webBRU;DPN;Nahreisezug;;;;
webBTR;STR;Bremer Straßenbahn AG;;;;
webBVB;DPN;Nahreisezug;;;;
webBVS;DPN;Nahreisezug;;;;
webDEL;DPN;Nahreisezug;;;;
webDHE;DPN;Nahreisezug;;;;
webEDZ;DPN;Nahreisezug;;;;
webEMS;DPN;Nahreisezug;;;;
webEVB;DPN;Nahreisezug;;;;
webFAS;DPN;Nahreisezug;;;;
webFIS;DPN;Nahreisezug;;;;
webFLX;DPN;Nahreisezug;;flexo;Verkehrsbetriebe Bachstein GmbH;flexo Baddeckenstedt
webGEB;DPN;Nahreisezug;;;;
webGER;DPN;Nahreisezug;;;;
webGIE;DPN;Nahreisezug;;;;
webGOE;DPN;Nahreisezug;;;;
webGOS;DPN;Nahreisezug;;;;
webHAR;DPN;Nahreisezug;;;;
webHDK;DPN;Nahreisezug;;;;
webHKR;DPN;Nahreisezug;;;;
webHM;DPN;Nahreisezug;;;;
webHUT;DPN;Nahreisezug;;;;
webHVG;DPN;Nahreisezug;;;;
webJAC;DPN;Nahreisezug;;;;
webjan;DPN;Nahreisezug;;;;
webKAR;DPN;Nahreisezug;;;;
webKBA;DPN;Nahreisezug;;;;
webKRR;DPN;Nahreisezug;;;;
webKVG;DPN;Nahreisezug;;;;
webLSE;DPN;Nahreisezug;;;;
webMEY;DPN;Nahreisezug;;;;
webNIE;DPN;Nahreisezug;;;;
webNOH;DPN;Nahreisezug;;;;
webNOR;DPN;Nahreisezug;;;;
webONS;DPN;Nahreisezug;;;;
webOS1;DPN;Nahreisezug;;;;
webOSV;DPN;Nahreisezug;;;;
webRA1;DPN;Nahreisezug;;;;
webRBG;DPN;Nahreisezug;;;;
webRVH;DPN;Nahreisezug;;;;
webSAL;DPN;Nahreisezug;;;;
webSTO;DPN;Nahreisezug;;;;
webSVG;DPN;Nahreisezug;;;;
webSWE;DPN;Nahreisezug;;;;
webSWH;DPN;Nahreisezug;;;;
webSZG;DPN;Nahreisezug;;;KVG mbH Braunschweig;KVG Mobilitätszentrale Salzgitter (ALT 606)
webTMW;DPN;Nahreisezug;;;;
webUEB;DPN;Nahreisezug;;;;
webUET;STB;üstra Hannoversche Verkehrsbetriebe AG;;;;
webUFF;DPN;Nahreisezug;;;;
webVBB;DPN;Nahreisezug;;;Verkehrsbetriebe Bachstein GmbH;Niederlassung Salzgitter (656, 658, 660)
webVBN;DPN;Nahreisezug;;;;
webVBW;DPN;Nahreisezug;;;;
webVGE;DPN;Nahreisezug;;;;
webVGH;DPN;Nahreisezug;;;;
webVGP;DPN;Nahreisezug;;;;
webVGV;DPN;Nahreisezug;;;;
webVGW;DPN;Nahreisezug;;;;
webVL1;DPN;Nahreisezug;;;;
webVLG;DPN;Nahreisezug;;;;
webVO8;DPN;Nahreisezug;;;;
webVOH;DPN;Nahreisezug;;;;
webVOL;DPN;Nahreisezug;;;;
webVOS;DPN;Nahreisezug;;;;
webVSN;DPN;Nahreisezug;;;;
webVWG;DPN;Nahreisezug;;;;
webWHV;DPN;Nahreisezug;;;;
webWIN;DPN;Nahreisezug;;;;
webWIS;DPN;Nahreisezug;;;;
webWOB;DPN;Nahreisezug;;;;
webWSF;DPN;Nahreisezug;;;;
webXOS;WEB;Weser-Ems-Bus;;;;
webYGO;RBB;Regionalbus Braunschweig GmbH;;;;
webYUE;RBB;Regionalbus Braunschweig GmbH;;;;
webYUZ;DPN;Nahreisezug;;;;
wenBUS;DPN;Nahreisezug;;;Wies Faszinatour GmbH & Co. KG;Stadtverkehr Weiden i.d.Opf. + Überlandlinien 11,12,15,16,30
WL;RB;Kreisbahn Mansfelder Land;;;;
wstwst;DPN;Nahreisezug;;;;
wvvBUS;DPN;Nahreisezug;;;;
wvvSTR;DPN;Nahreisezug;;;;
wzlBus;DPN;Nahreisezug;;;;
X1;erx;erixx;;;;
X2;erx;erixx;erixx - Der Harzsprinter;;;
Y0;SCH;Adler-Schiffe;;;;
Y8;BRB;Bayerische Regiobahn;Bayerische Regiobahn;;;RB68, RB77,
Z8;BZB;Bayerische Zugspitzbahn;;;;
Z9;P;Rhön-Zügle;;;;
zsbteg;DPN;Nahreisezug;;;;
zvv008;DPN;Nahreisezug;;;;
zvv018;DPN;Nahreisezug;;;;
zvv019;DPN;Nahreisezug;;;;
zvv041;DPN;Nahreisezug;;;;

